id_comercio|id_bandera|id_sucursal|sucursales_nombre|sucursales_tipo|sucursales_calle|sucursales_numero|sucursales_latitud|sucursales_longitud|sucursales_observaciones|sucursales_barrio|sucursales_codigo_postal|sucursales_localidad|sucursales_provincia|sucursales_lunes_horario_atencion|sucursales_martes_horario_atencion|sucursales_miercoles_horario_atencion|sucursales_jueves_horario_atencion|sucursales_viernes_horario_atencion|sucursales_sabado_horario_atencion|sucursales_domingo_horario_atencion
9|1|902|Lainez|Supermercado|12 DE SEPTIEMBRE Y LAINEZ|0|-38.9562|-68.0664|||8300|NEUQUEN|AR-Q|09:00 a 21:00|09:00 a 21:00|09:00 a 21:00|09:00 a 21:00|09:00 a 21:00|09:00 a 21:00|08:00 a 22:00
9|1|910|Vea Roca I|Supermercado|Ruta 22 y Gobernador Viterbori|0|-39.0451|-67.5778|||8332|GENERAL ROCA|AR-R|09:00 a 21:30|09:00 a 21:30|09:00 a 21:30|09:00 a 21:30|09:00 a 21:30|09:00 a 21:30|08:00 a 22:00
9|1|912|Junin SM 912|Supermercado|ITUZAINGO|43|-34.5832|-60.9565|||6000|JUNIN|AR-B|08:00 a 21:00|08:00 a 21:00|08:00 a 21:00|08:00 a 21:00|08:00 a 21:00|08:00 a 21:00|08:30 a 13:30 y 17:00 a 21:00
9|1|914|Malargüe|Supermercado|Calle Av.Roca s/n entre Villa del Milagro y Calle|0|-35.4752|-69.5916|||5613|MALARGUE|AR-M|09:00 a 13:00 y 17:00 a 21:00|09:00 a 13:00 y 17:00 a 21:00|09:00 a 13:00 y 17:00 a 21:00|09:00 a 13:00 y 17:00 a 21:00|09:00 a 13:00 y 17:00 a 21:00|09:00 a 13:00 y 17:00 a 21:00|08:00 a 22:00
9|2|916|SM 916 Gorostiaga|Supermercado|GOROSTIAGA JOSE BENJAMIN.|1636|-34.5655|-58.4368|||1426|CIUDAD AUTONOMA BUENOS AIRES|AR-C|08:00 a 21:30|08:00 a 21:30|08:00 a 21:30|08:00 a 21:30|08:00 a 21:30|08:00 a 21:30|08:00 a 22:00
9|1|944|Tapiales|Supermercado|Av. Velez Sarfield|567|-34.6926|-58.5016|||1770|TAPIALES|AR-B|08:30 a 21:00|08:30 a 21:00|08:30 a 21:00|08:30 a 21:00|08:30 a 21:00|08:30 a 21:00|08:00 a 22:00
9|1|983|Miramar|Supermercado|Calle 36|109|-38.2663|-57.8432|||7607|MIRAMAR|AR-B|08:30 a 22:00|08:30 a 22:00|08:30 a 22:00|08:30 a 22:00|08:30 a 22:00|08:30 a 22:00|08:00 a 22:00
9|2|61|Tortuguitas|Supermercado|Av. Patricias Argentinas|851|-34.4463|-58.745|||1667|TORTUGUITAS|AR-B|08:30 a 21:00|08:30 a 21:00|08:30 a 21:00|08:30 a 21:00|08:30 a 21:00|8:30 a 21:00|08:00 a 22:00
9|1|73|Mate de Luna|Supermercado|AVENIDA MATE DE LUNA FERNANDO|2852|-26.8234|-65.2404|||4000|SAN MIGUEL DE TUCUMAN|AR-T|08:30 a 22:00|08:30 a 22:00|08:30 a 22:00|08:30 a 22:00|08:30 a 22:00|08:30 a 22:00|08:00 a 22:00
9|1|8|Chivilcoy|Supermercado|Gral. Rodriguez y Pellegrini|0|-34.894|-60.0175|||6620|CHIVILCOY|AR-B|08:30 a 21:00|08:30 a 21:00|08:30 a 21:00|08:30 a 21:00|08:30 a 21:00|08:30 a 21:00|09:00 a 13:00 y 17:00 a 21:00
9|1|72|America y Belgrano Tucuman|Supermercado|Av. de las Américas Esq. Belgrano|0|-26.8094|-65.2479|||4000|SAN MIGUEL DE TUCUMAN|AR-T|08:30 a 22:00|08:30 a 22:00|08:30 a 22:00|08:30 a 22:00|08:30 a 22:00|08:30 a 22:00|08:00 a 22:00
9|1|51|NECOCHEA|Supermercado|Av. 59 esq. Calle 38|1660|-38.5611|-58.7305|||7630|NECOCHEA|AR-B|08:30 a 21:00|08:30 a 21:00|08:30 a 21:00|08:30 a 21:00|08:30 a 21:00|08:30 a 21:00|09:00 a 21:00
9|1|242|Patio Palmera|Supermercado|AVENIDA CASTILLO PRES RAMON|254|-28.448|-65.7187|||4707|VILLA DOLORES|AR-K|08:30 a 14:00 y 17:00 a 22:00|08:30 a 14:00 y 17:00 a 22:00|08:30 a 14:00 y 17:00 a 22:00|08:30 a 14:00 y 17:00 a 22:00|08:30 a 14:00 y 17:00 a 22:00|08:00 a 22:00|08:00 a 22:00
9|1|150|Padua|Supermercado|AVENIDA PERON PRESIDENTE JUAN DOMINGO|23740|-34.6657|-58.6971|||1718|SAN ANTONIO DE PADUA|AR-B|08:30 a 21:00|08:30 a 21:00|08:30 a 21:00|08:30 a 21:00|08:30 a 21:00|08:30 a 21:00|08:00 a 22:00
9|1|52|SAN CLEMENTE|Supermercado|Calle 3|3189|-36.3588|-56.7186|||7105|SAN CLEMENTE DEL TUYU|AR-B|09:00 a 21:00|09:00 a 21:00|09:00 a 21:00|09:00 a 21:00|09:00 a 21:00|09:00 a 21:00|09:00 a 21:00
9|2|953|Venado Tuerto|Supermercado|SAN MARTIN|760|-33.7666|-61.9666|||2600|VENADO TUERTO|AR-S|08:00 a 21:30|08:00 a 21:30|08:00 a 21:30|08:00 a 21:30|08:00 a 21:30|08:00 a 21:30|08:00 a 21:30
9|1|430|Funes|Supermercado|RUTA NACIONAL 9|0|-32.9223|-60.8034|||2132|FUNES|AR-S|08:00 a 22:00|08:00 a 22:00|08:00 a 22:00|08:00 a 22:00|08:00 a 22:00|08:00 a 22:00|08:00 a 22:00
9|1|544|San Juan|Supermercado|AV. Libertador General San Martín|4795|-31.5292|-68.5877|||5400|SAN JUAN|AR-J|08:30 a 21:30|08:30 a 21:30|08:30 a 21:30|08:30 a 21:30|08:30 a 21:30|08:30 a 21:30|08:00 a 22:00
9|1|546|B° Dalvian|Supermercado|Cerro Siete Colores|2496|-32.876|-68.8836|||5500|MENDOZA|AR-M|09:00 a 21:30|09:00 a 21:30|09:00 a 21:30|09:00 a 21:30|09:00 a 21:30|09:00 a 21:30|09:30 a 21:30
9|1|548|SAN CARLOS|Supermercado|BOSCO SAN JUAN|462|-33.7763|-69.062|||5569|EUGENIO BUSTOS|AR-M|09:00 a 13:00 y 16:30 a 21:00|09:00 a 13:00 y 16:30 a 21:00|09:00 a 13:00 y 16:30 a 21:00|09:00 a 13:00 y 16:30 a 21:00|09:00 a 13:00 y 16:30 a 21:00|09:00 a 13:00 y 16:30 a 21:00|09:00 a 13:00 y 17:00 a 21:00
9|1|550|Altos del Solar|Supermercado|Av. Felipe Figueroa Esq. Juan de Sosa y Leon|0|-28.465|-65.8012|||4700|SAN FDO DEL VALLE DE CATAMARCA|AR-K|08:30 a 22:00|08:30 a 22:00|08:30 a 22:00|08:30 a 22:00|08:30 a 22:00|08:30 a 22:00|08:00 a 22:00
9|1|631|SAN PEDRO|Supermercado|Balcarce entre Ituzaingo y M. Porta|0|-33.6778|-59.6685|||2930|SAN PEDRO|AR-B|08:30 a 21:30|08:30 a 21:30|08:30 a 21:30|08:30 a 21:30|08:30 a 21:30|08:30 a 21:30|09:00 a 21:00
9|1|645|Ciudad de Nieva|Supermercado|Av. Dr. Joaquín Carillo esq. Dr. Vidal|0|-24.1872|-65.3204|||4600|SAN SALVADOR DE JUJUY|AR-Y|08:00 a 22:00|08:00 a 22:00|08:00 a 22:00|08:00 a 22:00|08:00 a 22:00|08:00 a 22:00|08:00 a 22:00
9|1|646|Güemes|Supermercado|GUEMES GRAL MARTIN MIGUEL DE|955|-24.1829|-65.3063|||4600|SAN SALVADOR DE JUJUY|AR-Y|08:00 a 22:00|08:00 a 22:00|08:00 a 22:00|08:00 a 22:00|08:00 a 22:00|08:00 a 22:00|08:00 a 22:00
9|1|655|Ciudad Judicial|Supermercado|AVENIDA HOUSSAY DR BERNARDO, esq. Colectora|0|-24.7298|-65.4127|||4400|SALTA|AR-A|08:00 a 21:30|08:00 a 21:30|08:00 a 21:30|08:00 a 21:30|08:00 a 21:30|08:00 a 21:30|08:00 a 21:30
9|1|656|Salta Sur|Supermercado|Av. Ex Combatientes de Malvinas|3900|-24.8414|-65.4331|||4400|SALTA|AR-A|08:00 a 22:00|08:00 a 22:00|08:00 a 22:00|08:00 a 22:00|08:00 a 22:00|08:00 a 22:00|08:00 a 22:00
9|1|668|Rojas|Supermercado|Pueblos Originarios|351|-34.1961|-60.7339|||2705|ROJAS|AR-B|09:00 a 21:00|09:00 a 21:00|09:00 a 21:00|09:00 a 21:00|09:00 a 21:00|09:00 A 22:00|09:00 a 21:00
9|1|669|Pergamino|Supermercado|MERCED|1183|-33.8988|-60.5763|||2700|PERGAMINO|AR-B|09:00 a 21:00|09:00 a 21:00|09:00 a 21:00|09:00 a 21:00|09:00 a 21:00|09:00 A 22:00|09:00 a 21:00
9|1|674|Resistencia|Supermercado|AVENIDA ALBERDI JUAN BAUTISTA|528|-27.4551|-58.9913|||3500|RESISTENCIA|AR-H|08:30 a 21:30|08:30 a 21:30|08:30 a 21:30|08:30 a 21:30|08:30 a 21:30|08:30 a 21:30|08:00 a 22:00
9|1|677|Saladillo|Supermercado|Ministro Soho|2936|-35.6388|-59.7762|||7260|SALADILLO|AR-B|08:30 a 21:00|08:30 a 21:00|08:30 a 21:00|08:30 a 21:00|08:30 a 21:00|08:30 a 21:00|Cerrado
9|1|685|Chajari|Supermercado|Av. 9 de Julio e/ Mendoza y Chaco|0|-30.7625|-57.9939|||3228|CHAJARI|AR-E|08:30 a 21:30|08:30 a 21:30|08:30 a 21:30|08:30 a 21:30|08:30 a 21:30|08:30 a 21:30|08:00 a 22:00
9|1|686|Gualeguaychú|Supermercado|San Martín entre parana y gualeguay|0|-33.0106|-58.5279|||2820|GUALEGUAYCHU|AR-E|08:00 a 22:00|08:00 a 22:00|08:00 a 22:00|08:00 a 22:00|08:00 a 22:00|08:00 a 22:00|08:00 a 22:00
9|1|688|Goya|Supermercado|BELGRANO GRAL MANUEL|799|-29.137|-59.2646|||3450|GOYA|AR-W|08:00 a 21:00|08:00 a 21:00|08:00 a 21:00|08:00 a 21:00|08:00 a 21:00|08:00 a 21:30|08:00 a 22:00
9|1|691|Paso de los Libres|Supermercado|Mitre y Reguera|0|-29.7058|-57.0975|||3230|PASO DE LOS LIBRES|AR-W|08:00 a 22:00|08:00 a 22:00|08:00 a 22:00|08:00 a 22:00|08:00 a 22:00|08:00 a 22:00|08:00 a 22:00
9|1|705|La Rioja II|Supermercado|AVENIDA ALEM LEANDRO NICEFORO|678|-29.4018|-66.8531|||5300|LA RIOJA|AR-F|08:30 a 22:00|08:30 a 22:00|08:30 a 22:00|08:30 a 22:00|08:30 a 22:00|08:30 a 22:00|08:00 a 22:00
9|2|709|Recta Martinolli ll|Supermercado|AVENIDA RECTA MARTINOLI|8469|-31.3468|-64.2805|||5000|CORDOBA|AR-X|08:30 a 21:30|08:30 a 21:30|08:30 a 21:30|08:30 a 21:30|08:30 a 21:30|08:30 a 21:30|08:00 a 22:00
9|1|711|Tandil|Supermercado|ALEM LEANDRO NICEFORO|447|-37.327|-59.1326|||7000|TANDIL|AR-B|08:30 a 21:00|08:30 a 21:00|08:30 a 21:00|08:30 a 21:00|08:30 a 21:00|08:30 a 21:00|09:00 a 21:00
9|1|727|Colón y Roca|Supermercado|Colón y Roca|650|-26.8346|-65.2346|||4000|SAN MIGUEL DE TUCUMAN|AR-T|08:30 a 22:00|08:30 a 22:00|08:30 a 22:00|08:30 a 22:00|08:30 a 22:00|08:30 a 22:00|08:00 a 22:00
9|1|728|Tafi Viejo|Supermercado|Av. Leandro Alem|618|-26.7299|-65.2614|||4103|TAFI VIEJO|AR-T|09:00 a 14:00 y 17:00 a 22:00|09:00 a 14:00 y 17:00 a 22:00|09:00 a 14:00 y 17:00 a 22:00|09:00 a 14:00 y 17:00 a 22:00|09:00 a 14:00 y 17:00 a 22:00|09:00 a 22:00|08:00 a 22:00
9|1|729|Ledesma - Jujuy|Supermercado|Entre Rios|393|-23.8137|-64.7934|||4512|LEDESMA|AR-Y|08:00 a 13:30 y 17:00 a 22:00|08:00 a 13:30 y 17:00 a 22:00|08:00 a 13:30 y 17:00 a 22:00|08:00 a 13:30 y 17:00 a 22:00|08:00 a 13:30 y 17:00 a 22:00|08:00 a 13:30 y 17:00 a 22:00|08:00 a 22:00
9|1|730|La Banda|Supermercado|25 de Mayo y Chacabuco|0|-27.7298|-64.2436|||4300|SANTIAGO DEL ESTERO|AR-G|09:00 a 14:00 y 17:30 a 22:00|09:00 a 14:00 y 17:30 a 22:00|09:00 a 14:00 y 17:30 a 22:00|09:00 a 14:00 y 17:30 a 22:00|09:00 a 14:00 y 17:30 a 22:00|08:00 a 22:00|08:00 a 22:00
9|1|731|Ituzaingo|Supermercado|Ituzaingó N° 374/376|374|-24.7939|-65.4142|||4400|SALTA|AR-A|08:00 a 22:00|08:00 a 22:00|08:00 a 22:00|08:00 a 22:00|08:00 a 22:00|08:00 a 22:00|08:00 a 22:00
9|2|740|Canning|Supermercado|Av. Pedro Dreyer y Ruta 52|0|-34.8546|-58.5047|||1804|CANNING|AR-B|08:30 a 21:00|08:30 a 21:00|08:30 a 21:00|08:30 a 21:00|08:30 a 21:00|08:30 a 21:00|08:00 a 22:00
9|1|741|Barracas|Supermercado|HERRERA|803|-34.6382|-58.3788|||1295|CIUDAD AUTONOMA BUENOS AIRES|AR-C|08:30 a 21:00|08:30 a 21:00|08:30 a 21:00|08:30 a 21:00|08:30 a 21:00|08:30 a 21:00|09:00 a 21:00
9|1|752|Trelew|Supermercado|Ruta N° 7 y Av. Perón|0|-43.2648|-65.2797|||9100|TRELEW|AR-U|09:00 a 22:00|09:00 a 22:00|09:00 a 22:00|09:00 a 22:00|09:00 a 22:00|09:00 a 22:00|09:00 a 22:00
9|1|767|Junin SM 767|Supermercado|ROCA ATALIVA|35|-34.5947|-60.9474|||6000|JUNIN|AR-B|08:00 a 21:30|08:00 a 21:30|08:00 a 21:30|08:00 a 21:30|08:00 a 21:30|08:00 a 21:30|09:00 a 21:00
9|1|853|San Luis II|Supermercado|SAN MARTIN|1162|-33.2968|-66.339|||5721|SAN MARTIN|AR-D|08:30 a 21:30|08:30 a 21:30|08:30 a 21:30|08:30 a 21:30|08:30 a 21:30|08:30 a 21:30|08:00 a 22:00
9|1|854|Concordia|Supermercado|AVENIDA SAN LORENZO OESTE|233|-31.3844|-58.0212|||3200|CONCORDIA|AR-E|08:00 a 21:30|08:00 a 21:30|08:00 a 21:30|08:00 a 21:30|08:00 a 21:30|08:00 a 21:30|08:00 a 22:00
9|1|855|Sexta Sección|Supermercado|Jorge A. Calle Esq. Neuquen|0|-32.8681|-68.8564|||5500|MENDOZA|AR-M|08:30 a 21:00|08:30 a 21:00|08:30 a 21:00|08:30 a 21:00|08:30 a 21:00|08:30 a 21:00|08:00 a 22:00
9|1|856|Las Heras III|Supermercado|Independencia e/Chac|0|-32.8411|-68.8213|||5539|LAS HERAS|AR-M|09:00 a 13:00 y 17:00 a 21:00|09:00 a 13:00 y 17:00 a 21:00|09:00 a 13:00 y 17:00 a 21:00|09:00 a 13:00 y 17:00 a 21:00|09:00 a 13:00 y 17:00 a 21:00|09:00 a 13:00 y 17:00 a 21:00|08:00 a 22:00
9|1|857|LA BARRACA|Supermercado|Las Cañas|1833|-32.914|-68.8228|||5519|SAN JOSE DE GUAYMALLEN|AR-M|09:00 a 21:30|09:00 a 21:30|09:00 a 21:30|09:00 a 21:30|09:00 a 21:30|09:00 a 21:30|08:00 a 22:00
9|1|887|Santiago Centro|Supermercado|Av. Belgrano Sur N° 433/459|433|-27.7886|-64.2612|||4200|SANTIAGO DEL ESTERO|AR-G|08:00 a 22:00|08:00 a 22:00|08:00 a 22:00|08:00 a 22:00|08:00 a 22:00|08:00 a 22:00|08:00 a 22:00
9|1|901|Roca ll Centro|Supermercado|San Juan|2210|-39.0196|-67.586|||8332|GENERAL ROCA|AR-R|09:00 a 13:00 y 17:00 a 21:00|09:00 a 13:00 y 17:00 a 21:00|09:00 a 13:00 y 17:00 a 21:00|09:00 a 13:00 y 17:00 a 21:00|09:00 a 13:00 y 17:00 a 21:00|09:00 a 13:00 y 17:00 a 21:00|08:00 a 22:00
9|2|954|Alta Gracia II|Supermercado|Ruta Provincial 5 e/ reconquista y publica|0|-31.6559|-64.4099|||5186|ALTA GRACIA|AR-X|08:30 a 21:30|08:30 a 21:30|08:30 a 21:30|08:30 a 21:30|08:30 a 21:30|08:30 a 21:30|08:00 a 22:00
9|1|958|Gobernador del Campo|Supermercado|AVENIDA DEL CAMPO GDOR|1150|-26.8229|-65.177|||4000|SAN MIGUEL DE TUCUMAN|AR-T|08:30 a 22:00|08:30 a 22:00|08:30 a 22:00|08:30 a 22:00|08:30 a 22:00|08:30 a 22:00|08:00 a 22:00
9|3|5034|Jumbo Quilmes II|Supermercado|Av. Mitre e/ Juan de Solis y Guido|0|-34.7282|-58.251|||1878|QUILMES|AR-B|08:00 a 21:00|08:00 a 21:00|08:00 a 21:00|08:00 a 21:00|08:00 a 21:00|08:00 a 21:00|09:00 a 22:00
9|3|5201|Jumbo Escalada|Hipermercado|AV FERNANDEZ DE LA CRUZ GRAL FRANCISCO|4602|-34.6746|-58.4628|||1439|CIUDAD AUTONOMA BUENOS AIRES|AR-C|09:00 a 21:00|09:00 a 21:00|09:00 a 21:00|09:00 a 21:00|09:00 a 21:00|09:00 a 22:00|09:00 a 22:00
9|3|5202|Jumbo Martínez|Hipermercado|AVENIDA PARANA|3745|-34.5084|-58.5227|||1640|MARTINEZ|AR-B|08:30 a 21:00|08:30 a 21:00|08:30 a 21:00|08:30 a 21:00|08:30 a 21:00|08:30 a 22:00|08:30 a 22:00
9|3|5204|Jumbo Lomas|Hipermercado|FRIAS GRAL EUSTAQUIO|3201|-34.7932|-58.414|||1836|LLAVALLOL|AR-B|09:00 a 21:00|09:00 a 21:00|09:00 a 21:00|09:00 a 21:00|09:00 a 21:00|09:00 a 22:00|09:00 a 22:00
9|3|5205|Jumbo San Martín|Hipermercado|DIAGONAL SAN LORENZO|3773|-34.5633|-58.5585|||1653|VILLA BALLESTER|AR-B|09:00 a 21:00|09:00 a 21:00|09:00 a 21:00|09:00 a 21:00|09:00 a 21:00|09:00 a 22:00|09:00 a 22:00
9|3|5206|Jumbo Palermo|Hipermercado|AVENIDA BULLRICH INTE|345|-34.5745|-58.4272|||1425|CIUDAD AUTONOMA BUENOS AIRES|AR-C|08:30 a 21:00|08:30 a 21:00|08:30 a 21:00|08:30 a 21:00|08:30 a 21:00|08:30 a 22:00|08:30 a 22:00
9|3|5207|Jumbo Quilmes|Hipermercado|RUTA NACIONAL CALCHAQUI|3950|-34.7588|-58.2805|||1879|QUILMES OESTE|AR-B|09:00 a 21:00|09:00 a 21:00|09:00 a 21:00|09:00 a 21:00|09:00 a 21:00|09:00 a 22:00|09:00 a 22:00
9|3|5208|Jumbo Morón|Hipermercado|BOULEVARD ROSAS JUAN MANUEL DE|658|-34.6338|-58.6285|||1712|CASTELAR|AR-B|09:00 a 21:00|09:00 a 21:00|09:00 a 21:00|09:00 a 21:00|09:00 a 21:00|09:00 a 22:00|09:00 a 22:00
9|3|5211|Jumbo Pilar|Hipermercado|Las Magnolias|698|-34.4427|-58.8731|||1629|PILAR|AR-B|08:30 a 21:00|08:30 a 21:00|08:30 a 21:00|08:30 a 21:00|08:30 a 21:00|08:30 a 22:00|08:30 a 22:00
9|3|5213|Jumbo Madero Harbour|Hipermercado|E.R. Dellpiane E/ Lanteri y Peñaloz|0|-34.6192|-58.3615|||1107|CIUDAD AUTONOMA BUENOS AIRES|AR-C|08:00 a 22:00|08:00 a 22:00|08:00 a 22:00|08:00 a 22:00|08:00 a 22:00|08:00 a 22:00|10:00 a 21:00
9|3|5214|Jumbo Escobar|Hipermercado|Ruta Prov 9 esq. Ruta 25|1710|-34.3578|-58.7951|||1625|BELEN DE ESCOBAR|AR-B|09:00 a 21:00|09:00 a 21:00|09:00 a 21:00|09:00 a 21:00|09:00 a 21:00|09:00 a 22:00|09:00 a 21:00
9|3|5216|Jumbo Neuquén|Hipermercado|JJLastra|2400|-38.9596|-68.0925|||8400|NEUQUEN|AR-Q|09:00 a 21:00|09:00 a 21:00|09:00 a 21:00|09:00 a 21:00|09:00 a 21:00|09:00 a 22:00|09:00 a 22:00
9|3|5218|Jumbo Rosario|Hipermercado|Nansen|323|-32.9094|-60.685|||2000|ROSARIO|AR-S|09:00 a 21:00|09:00 a 21:00|09:00 a 21:00|09:00 a 21:00|09:00 a 21:00|09:00 a 22:00|09:00 a 22:00
9|3|5222|Jumbo Mendoza|Hipermercado|BALCARCE GONZALEZ GDOR GRAL JUAN RAMON|897|-32.9169|-68.838|||5501|GODOY CRUZ|AR-M|09:00 a 21:30|09:00 a 21:30|09:00 a 21:30|09:00 a 21:30|09:00 a 21:30|09:00 a 21:30|09:00 a 21:30
9|3|5225|Jumbo Vista Pueblo|Hipermercado|AVENIDA SAN MARTIN|6279|-32.9798|-68.8582|||5505|CARRODILLA  LA PUNTILLA|AR-M|09:00 a 21:30|09:00 a 21:30|09:00 a 21:30|09:00 a 21:30|09:00 a 21:30|09:00 a 21:30|09:00 a 21:30
9|3|5227|Jumbo Tucuman|Hipermercado|CARIOLA FERMIN|42|-26.822|-65.2615|||4107|YERBA BUENA|AR-T|09:00 a 21:30|09:00 a 21:30|09:00 a 21:30|09:00 a 21:30|09:00 a 21:30|09:00 a 21:30|08:00 a 22:00
9|3|5231|Jumbo Almagro|Hipermercado|GUARDIA VIEJA|4558|-34.6|-58.4312|||1192|CIUDAD AUTONOMA BUENOS AIRES|AR-C|09:00 a 21:00|09:00 a 21:00|09:00 a 21:00|09:00 a 21:00|09:00 a 21:00|09:00 a 22:00|09:00 a 22:00
9|3|5251|Jumbo Salta|Hipermercado|20 de Febrero|1437|-24.7726|-65.4129|||4400|SALTA|AR-A|09:00 a 22:00|09:00 a 22:00|09:00 a 22:00|09:00 a 22:00|09:00 a 22:00|09:00 a 22:00|09:00 a 22:00
9|3|5259|Jumbo Tronador|Hipermercado|ESTOMBA JUAN RAMON|838|-34.5847|-58.4685|||1427|CIUDAD AUTONOMA BUENOS AIRES|AR-C|09:00 a 21:00|09:00 a 21:00|09:00 a 21:00|09:00 a 21:00|09:00 a 21:00|09:00 a 22:00|09:00 a 22:00
9|3|5260|Jumbo Acoyte|Hipermercado|AVENIDA ACOYTE|702|-34.6106|-58.4401|||1405|CIUDAD AUTONOMA BUENOS AIRES|AR-C|09:00 a 21:00|09:00 a 21:00|09:00 a 21:00|09:00 a 21:00|09:00 a 21:00|09:00 a 22:00|09:00 a 22:00
9|3|5263|Jumbo Juan B. Justo|Hipermercado|AVENIDA JUSTO DR JUAN BAUTISTA|4715|-34.6096|-58.4675|||1416|CIUDAD AUTONOMA BUENOS AIRES|AR-C|09:00 a 21:00|09:00 a 21:00|09:00 a 21:00|09:00 a 21:00|09:00 a 21:00|09:00 a 22:00|09:00 a 22:00
9|3|5275|Jumbo La Palmera|Supermercado|CORRIENTES|449|-34.5081|-58.4771|||1636|OLIVOS|AR-B|08:30 a 22:00|08:30 a 22:00|08:30 a 22:00|08:30 a 22:00|08:30 a 22:00|08:30 a 22:00|08:00 a 22:00
9|3|5276|Jumbo Arenales|Supermercado|ARENALES|870|-34.5941|-58.3791|||1061|CIUDAD AUTONOMA BUENOS AIRES|AR-C|08:00 a 21:00|08:00 a 21:00|08:00 a 21:00|08:00 a 21:00|08:00 a 21:00|09:00 a 13:00|Cerrado
9|3|5277|Jumbo-Comodoro|Hipermercado|YRIGOYEN HIPOLITO|0|-45.8733|-67.4935|||9005|COMODORO RIVADAVIA|AR-U|08:30 a 22:00|08:30 a 22:00|08:30 a 22:00|08:30 a 22:00|08:30 a 22:00|08:30 a 22:00|08:30 a 22:00
9|3|5626|Jumbo Pacheco Novo|Hipermercado|BOULOGNE SUR MER|1275|-34.4745|-58.6257|||1617|GENERAL PACHECO|AR-B|09:00 a 21:00|09:00 a 21:00|09:00 a 21:00|09:00 a 21:00|09:00 a 21:00|09:00 a 22:00|09:00 a 22:00
9|3|5961|Jumbo Av. Santa Fé|Supermercado|AVENIDA SANTA FE|4950|-34.5772|-58.43|||1425|CIUDAD AUTONOMA BUENOS AIRES|AR-C|08:00 a 21:00|08:00 a 21:00|08:00 a 21:00|08:00 a 21:00|08:00 a 21:00|08:00 a 22:00|09:00 a 21:00
9|1|943|Paraná|Hipermercado|AVENIDA ALMAFUERTE PROLONG|1670|-31.7551|-60.4993|||3100|PARANA|AR-E|08:00 a 21:30|08:00 a 21:30|08:00 a 21:30|08:00 a 21:30|08:00 a 21:30|08:00 a 21:30|08:00 a 22:00
9|2|1|San Isidro.|Supermercado|AVENIDA CENTENARIO|388|-34.4713|-58.5179|||1642|SAN ISIDRO|AR-B|08:30 a 21:30|08:30 a 21:30|08:30 a 21:30|08:30 a 21:30|08:30 a 21:30|08:30 a 21:30|08:00 a 22:00
9|2|2|Talcahuano...|Supermercado|TALCAHUANO|1055|-34.5964|-58.3876|||1013|CIUDAD AUTONOMA BUENOS AIRES|AR-C|08:00 a 21:30|08:00 a 21:30|08:00 a 21:30|08:00 a 21:30|08:00 a 21:30|08:00 a 21:30|08:00 a 22:00
9|2|3|Camacua.|Supermercado|CAMACUA|55|-34.6282|-58.4608|||1406|CIUDAD AUTONOMA BUENOS AIRES|AR-C|08:30 a 21:30|08:30 a 21:30|08:30 a 21:30|08:30 a 21:30|08:30 a 21:30|08:30 a 21:30|08:00 a 22:00
9|2|4|Vicente López.|Supermercado|AVENIDA MAIPU|1819|-34.5201|-58.4877|||1638|VICENTE LOPEZ|AR-B|08:00 a 21:30|08:00 a 21:30|08:00 a 21:30|08:00 a 21:30|08:00 a 21:30|08:00 a 21:30|08:00 a 22:00
9|2|9|Lomas de Zamora.|Supermercado|MEEKS|256|-34.7638|-58.3995|||1832|LOMAS DE ZAMORA|AR-B|08:30 a 21:00|08:30 a 21:00|08:30 a 21:00|08:30 a 21:00|08:30 a 21:00|08:30 a 21:00|08:00 a 22:00
9|1|10|Larrea.|Supermercado|LARREA|833|-34.5985|-58.4032|||1117|CIUDAD AUTONOMA BUENOS AIRES|AR-C|09:00 a 21:00|09:00 a 21:00|09:00 a 21:00|09:00 a 21:00|09:00 a 21:00|09:00 A 22:00|10:00 a 21:00
9|2|12|Sucre.|Supermercado|SUCRE MRCAL ANTONIO JOSE DE|1836|-34.5609|-58.452|||1428|CIUDAD AUTONOMA BUENOS AIRES|AR-C|08:30 a 21:00|08:30 a 21:00|08:30 a 21:00|08:30 a 21:00|08:30 a 21:00|08:30 a 21:30|08:00 a 22:00
9|1|13|Santiago Shopping|Hipermercado|Av. Rivadavia esq. Ejercito argentino|0|-27.7786|-64.2578|||2356|SANTIAGO DEL ESTERO|AR-G|09:00 a 22:00|09:00 a 22:00|09:00 a 22:00|09:00 a 22:00|09:00 a 22:00|09:00 a 22:00|08:00 a 22:00
9|2|14|Las Heras..|Supermercado|AVENIDA LAS HERAS GRAL JUAN GREGORIO DE|3925|-34.5608|-58.4499|||1425|CIUDAD AUTONOMA BUENOS AIRES|AR-C|08:30 a 21:30|08:30 a 21:30|08:30 a 21:30|08:30 a 21:30|08:30 a 21:30|08:30 a 21:30|08:00 a 22:00
9|2|15|Salguero.|Supermercado|AVENIDA SALGUERO JERONIMO|2727|-34.5801|-58.4092|||1425|CIUDAD AUTONOMA BUENOS AIRES|AR-C|08:00 a 21:30|08:00 a 21:30|08:00 a 21:30|08:00 a 21:30|08:00 a 21:30|08:00 a 21:30|08:00 a 22:00
9|2|18|Quintana.|Supermercado|AVENIDA QUINTANA PRES MANUEL|366|-34.5897|-58.3886|||1014|CIUDAD AUTONOMA BUENOS AIRES|AR-C|08:00 a 22:00|08:00 a 22:00|08:00 a 22:00|08:00 a 22:00|08:00 a 22:00|08:00 a 22:00|08:00 a 22:00
9|1|19|Bulnes.|Supermercado|BULNES|1048|-34.5992|-58.4199|||1176|CIUDAD AUTONOMA BUENOS AIRES|AR-C|09:00 a 21:00|09:00 a 21:00|09:00 a 21:00|09:00 a 21:00|09:00 a 21:00|09:00 A 22:00|09:00 a 21:00
9|1|20|Lanus SM 20|Supermercado|AVENIDA YRIGOYEN PRESIDENTE HIPOLITO|4174|-34.7031|-58.3939|||1824|LANUS|AR-B|08:30 a 21:00|08:30 a 21:00|08:30 a 21:00|08:30 a 21:00|08:30 a 21:00|08:30 a 21:00|08:00 a 22:00
9|2|22|Santa Fe.|Supermercado|Avenida Santa Fé|3047|-34.591|-58.4105|||1425|CIUDAD AUTONOMA BUENOS AIRES|AR-C|08:30 a 21:30|08:30 a 21:30|08:30 a 21:30|08:30 a 21:30|08:30 a 21:30|08:30 a 21:30|08:00 a 22:00
9|2|23|Alto Palermo.|Supermercado|Bulnes|2117|-34.5868|-58.4109|||1425|CIUDAD AUTONOMA BUENOS AIRES|AR-C|08:00 a 21:30|08:00 a 21:30|08:00 a 21:30|08:00 a 21:30|08:00 a 21:30|08:00 a 21:30|08:00 a 22:00
9|2|25|Rodríguez Peña.|Supermercado|Rodriguez Peña Nicolas|1430|-34.593|-58.3926|||1021|CIUDAD AUTONOMA BUENOS AIRES|AR-C|08:00 a 22:00|08:00 a 22:00|08:00 a 22:00|08:00 a 22:00|08:00 a 22:00|08:00 a 22:00|08:00 a 22:00
9|2|28|Vélez Sarsfield.|Supermercado|Friuli|1845|-31.4478|-64.199|||5000|CORDOBA|AR-X|09:00 a 22:00|09:00 a 22:00|09:00 a 22:00|09:00 a 22:00|09:00 a 22:00|09:00 a 22:00|08:00 a 22:00
9|2|29|Cerro I|Supermercado|Avenida Nuñez Rafaal|4630|-31.363|-64.2367|||5009|CORDOBA|AR-X|09:00 a 21:30|09:00 a 21:30|09:00 a 21:30|09:00 a 21:30|09:00 a 21:30|09:00 a 21:30|08:00 a 22:00
9|2|30|Rivadavia.|Supermercado|AVENIDA Rivadavia Bernardino|4905|-34.6172|-58.435|||1424|CIUDAD AUTONOMA BUENOS AIRES|AR-C|08:00 a 21:30|08:00 a 21:30|08:00 a 21:30|08:00 a 21:30|08:00 a 21:30|08:00 a 21:30|08:00 a 22:00
9|1|32|Buchardo.|Supermercado|Buchardo|1654|-31.4034|-64.1655|||5000|CORDOBA|AR-X|08:30 a 22:00|08:30 a 22:00|08:30 a 22:00|08:30 a 22:00|08:30 a 22:00|08:30 a 22:00|08:00 a 22:00
9|2|33|Alta Córdoba.|Supermercado|J. L. cabrera|493|-31.3981|-64.1825|||5000|CORDOBA|AR-X|08:30 a 21:30|08:30 a 21:30|08:30 a 21:30|08:30 a 21:30|08:30 a 21:30|08:30 a 21:30|08:00 a 22:00
9|2|35|Uriburu.|Supermercado|UriBuru P. Jose Evaristo|1230|-34.5938|-58.3989|||1114|CIUDAD AUTONOMA BUENOS AIRES|AR-C|08:00 a 21:30|08:00 a 21:30|08:00 a 21:30|08:00 a 21:30|08:00 a 21:30|08:00 a 21:30|08:00 a 22:00
9|1|36|La Plata SM 36|Supermercado|45|377|-34.9068|-57.9506|||1900|LA PLATA|AR-B|08:00 a 21:00|08:00 a 21:00|08:00 a 21:00|08:00 a 21:00|08:00 a 21:00|08:00 a 21:00|08:00 a 22:00
9|2|37|Adrogué.|Supermercado|Amenedo|302|-34.7993|-58.4053|||1846|ALMIRANTE BROWN|AR-B|08:30 a 21:00|08:30 a 21:00|08:30 a 21:00|08:30 a 21:00|08:30 a 21:00|8:30 a 21:00|08:00 a 22:00
9|2|38|Arcos.|Supermercado|ARCOS ING ANTONIO|1914|-34.5622|-58.4546|||1428|CIUDAD AUTONOMA BUENOS AIRES|AR-C|08:00 a 21:30|08:00 a 21:30|08:00 a 21:30|08:00 a 21:30|08:00 a 21:30|08:00 a 21:30|08:00 a 22:00
9|2|39|Peña.|Supermercado|PEÑA|3050|-34.5859|-58.4074|||1425|CIUDAD AUTONOMA BUENOS AIRES|AR-C|08:00 a 21:30|08:00 a 21:30|08:00 a 21:30|08:00 a 21:30|08:00 a 21:30|08:00 a 21:30|08:00 a 22:00
9|1|40|Mitre..|Supermercado|Mitre 549|0|-24.7846|-65.4099|||4530|SALTA|AR-A|08:00 a 22:00|08:00 a 22:00|08:00 a 22:00|08:00 a 22:00|08:00 a 22:00|08:00 a 22:00|08:00 a 22:00
9|2|42|La Plata I.|Supermercado|Calle 30 y Calle 47|777|-34.9349|-57.9757|||1900|LA PLATA|AR-B|08:00 a 21:00|08:00 a 21:00|08:00 a 21:00|08:00 a 21:00|08:00 a 21:00|08:00 a 21:00|08:00 a 22:00
9|2|45|Gesell Boulevard.|Supermercado|Boulevard y 112|0|-37.2611|-56.9869|||7165|VILLA GESELL|AR-B|09:00 a 21:00|09:00 a 21:00|09:00 a 21:00|09:00 a 21:00|09:00 a 21:00|09:00 a 21:00|08:00 a 22:00
9|2|46|Esmeralda.|Supermercado|Esmeralda|1365|-34.5918|-58.3793|||1007|CIUDAD AUTONOMA BUENOS AIRES|AR-C|08:00 a 22:00|08:00 a 22:00|08:00 a 22:00|08:00 a 22:00|08:00 a 22:00|08:00 a 22:00|08:00 a 22:00
9|2|48|Gascón.|Supermercado|GASCON ESTEBAN AGUSTIN|649|-34.6033|-58.4264|||1181|CIUDAD AUTONOMA BUENOS AIRES|AR-C|08:30 a 21:30|08:30 a 21:30|08:30 a 21:30|08:30 a 21:30|08:30 a 21:30|08:30 a 21:30|08:00 a 22:00
9|2|49|Pinamar.|Supermercado|Rivadavia y Tororas|0|-37.1082|-56.8731|||7167|PINAMAR|AR-B|09:00 a 21:00|09:00 a 21:00|09:00 a 21:00|09:00 a 21:00|09:00 a 21:00|09:00 a 21:00|08:00 a 22:00
9|2|50|Gesell Central.|Supermercado|Avenida 3|1081|-37.2636|-56.9766|||7165|VILLA GESELL|AR-B|09:00 a 21:00|09:00 a 21:00|09:00 a 21:00|09:00 a 21:00|09:00 a 21:00|09:00 a 21:00|08:00 a 22:00
9|2|54|Elcano.|Supermercado|Elcano|3174|-34.5729|-58.4614|||1426|CIUDAD AUTONOMA BUENOS AIRES|AR-C|08:00 a 21:30|08:00 a 21:30|08:00 a 21:30|08:00 a 21:30|08:00 a 21:30|08:00 a 21:30|08:00 a 22:00
9|2|55|J. B. Justo..|Supermercado|Juan B. Justo|2367|-38.0244|-57.5659|||7600|MAR DEL PLATA|AR-B|08:30 a 21:00|08:30 a 21:00|08:30 a 21:00|08:30 a 21:00|08:30 a 21:00|8:30 a 21:00|08:00 a 22:00
9|1|56|Mar del Plata SM 56|Supermercado|AVENIDA LURO PEDRO|3901|-37.9922|-57.5587|||7600|MAR DEL PLATA|AR-B|08:30 a 21:00|08:30 a 21:00|08:30 a 21:00|08:30 a 21:00|08:30 a 21:00|08:30 a 21:00|09:00 a 21:00
9|2|57|San Luis.|Supermercado|San Luis|2034|-38.0016|-57.5502|||7600|MAR DEL PLATA|AR-B|08:30 a 21:00|08:30 a 21:00|08:30 a 21:00|08:30 a 21:00|08:30 a 21:00|8:30 a 21:00|08:00 a 22:00
9|2|58|Constitución.|Supermercado|Avenida Constitucion|6069|-37.96|-57.5668|||7605|MAR DEL PLATA|AR-B|08:30 a 21:00|08:30 a 21:00|08:30 a 21:00|08:30 a 21:00|08:30 a 21:00|8:30 a 21:00|08:00 a 22:00
9|2|59|Alberti.|Supermercado|Alberti|2535|-38.0072|-57.5514|||7600|MAR DEL PLATA|AR-B|08:30 a 21:00|08:30 a 21:00|08:30 a 21:00|08:30 a 21:00|08:30 a 21:00|8:30 a 21:00|08:00 a 22:00
9|2|60|Shopping|Supermercado|Goyechea|2851|-31.3802|-64.2147|||5009|CORDOBA|AR-X|09:00 a 22:00|09:00 a 22:00|09:00 a 22:00|09:00 a 22:00|09:00 a 22:00|09:00 a 22:00|08:00 a 22:00
9|2|62|La Plata III.|Supermercado|Diagonal 79|962|-34.9154|-57.9421|||1900|LA PLATA|AR-B|08:30 a 21:00|08:30 a 21:00|08:30 a 21:00|08:30 a 21:00|08:30 a 21:00|8:30 a 21:00|08:00 a 22:00
9|1|64|Esteco.|Supermercado|Esteco y rioja|0|-24.7981|-65.4168|||4400|SALTA|AR-A|08:00 a 22:00|08:00 a 22:00|08:00 a 22:00|08:00 a 22:00|08:00 a 22:00|08:00 a 22:00|08:00 a 22:00
9|1|70|Yerba Buena.|Supermercado|Av. Aconquija y L.L. de la vega|0|-26.8149|-65.2825|||4107|YERBA BUENA|AR-T|08:30 a 22:00|08:30 a 22:00|08:30 a 22:00|08:30 a 22:00|08:30 a 22:00|08:30 a 22:00|08:00 a 22:00
9|1|71|Terminal Tucuman|Supermercado|Av. Brigado Teran 200 L.S. 1|0|-26.8373|-65.21|||4000|SAN MIGUEL DE TUCUMAN|AR-T|08:30 a 22:00|08:30 a 22:00|08:30 a 22:00|08:30 a 22:00|08:30 a 22:00|08:30 a 22:00|08:00 a 22:00
9|2|107|Naón.|Supermercado|Naon Dr. Romulo|2142|-34.5696|-58.473|||1430|CIUDAD AUTONOMA BUENOS AIRES|AR-C|08:00 a 21:30|08:00 a 21:30|08:00 a 21:30|08:00 a 21:30|08:00 a 21:30|08:00 a 21:30|08:00 a 22:00
9|1|110|Tres Cerritos.|Supermercado|Avenida reyes Catolicos|1480|-24.7581|-65.3986|||4400|SALTA|AR-A|08:00 a 22:00|08:00 a 22:00|08:00 a 22:00|08:00 a 22:00|08:00 a 22:00|08:00 a 22:00|08:00 a 22:00
9|2|111|City Bell.|Supermercado|Camino Gral Manuel Belgrano|167|-34.8819|-58.0544|||1896|CITY BELL|AR-B|08:00 a 21:00|08:00 a 21:00|08:00 a 21:00|08:00 a 21:00|08:00 a 21:00|08:00 a 21:00|08:00 a 22:00
9|2|112|Banfield.|Supermercado|Vieytes Juan Hipolito|1046|-34.739|-58.4084|||1896|BANFIELD|AR-B|08:30 a 21:00|08:30 a 21:00|08:30 a 21:00|08:30 a 21:00|08:30 a 21:00|8:30 a 21:00|08:00 a 22:00
9|1|113|Río IV Shopping|Supermercado|Granderos|200|-33.116|-64.3509|||5800|RIO CUARTO|AR-X|08:30 a 22:30|08:30 a 22:30|08:30 a 22:30|08:30 a 22:30|08:30 a 22:30|08:30 a 22:30|08:00 a 22:00
9|1|114|Juan B. Justo.|Supermercado|Juan B. Justo|3900|-31.3796|-64.1756|||5000|CORDOBA|AR-X|08:30 a 22:00|08:30 a 22:00|08:30 a 22:00|08:30 a 22:00|08:30 a 22:00|08:30 a 22:00|08:00 a 22:00
9|1|119|Aráoz.|Supermercado|ARAOZ|265|-34.6148|-58.4349|||1405|CIUDAD AUTONOMA BUENOS AIRES|AR-C|08:30 a 21:30|08:30 a 21:30|08:30 a 21:30|08:30 a 21:30|08:30 a 21:30|08:30 a 21:30|08:00 a 22:00
9|3|121|Jumbo Las Heras|Supermercado|Avenida Las Heras gral. Juan Gregori|2564|-34.6147|-58.435|||1425|CIUDAD AUTONOMA BUENOS AIRES|AR-C|08:00 a 21:30|08:00 a 21:30|08:00 a 21:30|08:00 a 21:30|08:00 a 21:30|08:00 a 21:30|08:00 a 21:30
9|1|122|Bahia Blanca SM 122|Supermercado|Capitan Maetinez|1356|-38.7301|-62.2502|||8000|BAHIA BLANCA|AR-B|08:30 a 21:00|08:30 a 21:00|08:30 a 21:00|08:30 a 21:00|08:30 a 21:00|08:30 a 21:00|09:00 a 21:00
9|1|125|Av Sarmiento|Supermercado|Av. Sarmiento Domiengo FAustino|750|-26.8255|-65.2168|||4000|SAN MIGUEL DE TUCUMAN|AR-T|08:30 a 22:00|08:30 a 22:00|08:30 a 22:00|08:30 a 22:00|08:30 a 22:00|08:30 a 22:00|08:00 a 22:00
9|1|127|Bahia Blanca SM 127|Supermercado|CASANOVA ELISEO|472|-38.7081|-62.2686|||8000|BAHIA BLANCA|AR-B|08:30 a 21:00|08:30 a 21:00|08:30 a 21:00|08:30 a 21:00|08:30 a 21:00|08:30 a 21:00|08:00 a 22:00
9|1|134|Av Roca|Supermercado|AVENIDA ROCA PRES GRAL JULIO ARGENTINO|759|-26.8398|-65.2228|||4000|SAN MIGUEL DE TUCUMAN|AR-T|08:30 a 22:00|08:30 a 22:00|08:30 a 22:00|08:30 a 22:00|08:30 a 22:00|08:30 a 22:00|08:00 a 22:00
9|2|137|Montevideo.|Supermercado|Montevideo|1037|-34.5964|-58.3902|||1019|CIUDAD AUTONOMA BUENOS AIRES|AR-C|08:00 a 21:30|08:00 a 21:30|08:00 a 21:30|08:00 a 21:30|08:00 a 21:30|08:00 a 21:30|08:00 a 22:00
9|3|138|Jumbo Nordelta|Hipermercado|Av. de los Lagos|6660|-34.4005|-58.6548|||1670|ZONA DELTA TIGRE|AR-B|08:00 a 22:00|08:00 a 22:00|08:00 a 22:00|08:00 a 22:00|08:00 a 22:00|08:00 a 22:00|08:00 a 22:00
9|1|140|SM 140 Orán - Salta.|Supermercado|20 de febrero esq. guemes|0|-23.1308|-64.3261|||4530|ORAN|AR-A|08:30 a 13:30 y 17:00 a 22:00|08:30 a 13:30 y 17:00 a 22:00|08:30 a 13:30 y 17:00 a 22:00|08:30 a 13:30 y 17:00 a 22:00|08:30 a 13:30 y 17:00 a 22:00|08:30 a 22:00|08:00 a 22:00
9|2|152|Ramos Mejía.|Supermercado|AVENIDA Rivadavia|14452|-34.642|-58.5702|||1704|RAMOS MEJIA|AR-B|08:00 a 21:00|08:00 a 21:00|08:00 a 21:00|08:00 a 21:00|08:00 a 21:00|08:00 a 21:00|08:00 a 22:00
9|1|153|Moron|Supermercado|AVENIDA RIVADAVIA|17552|-34.6488|-58.6126|||1708|MORON|AR-B|08:30 a 21:00|08:30 a 21:00|08:30 a 21:00|08:30 a 21:00|08:30 a 21:00|08:30 a 21:00|08:00 a 22:00
9|2|154|Morón II.|Supermercado|Garcia Silva Intendente|855|-34.6537|-58.6231|||1708|MORON|AR-B|08:00 a 21:30|08:00 a 21:30|08:00 a 21:30|08:00 a 21:30|08:00 a 21:30|08:00 a 21:30|08:00 a 22:00
9|1|155|Castelar Sur.|Supermercado|Avenida Zeballos Dr. Estanislao|3154|-34.6561|-58.6519|||1712|CASTELAR|AR-B|08:30 a 21:00|08:30 a 21:00|08:30 a 21:00|08:30 a 21:00|08:30 a 21:00|08:30 a 21:00|08:00 a 22:00
9|2|156|Castelar Norte.|Supermercado|Arias Gobernador Inocendio|3247|-34.6491|-58.6561|||1712|CASTELAR|AR-B|08:00 a 21:30|08:00 a 21:30|08:00 a 21:30|08:00 a 21:30|08:00 a 21:30|08:00 a 21:30|08:00 a 22:00
9|1|159|Merlo|Supermercado|Avenida Del Libertador|28|-34.6733|-58.7246|||1722|MERLO|AR-B|09:00 a 21:00|09:00 a 21:00|09:00 a 21:00|09:00 a 21:00|09:00 a 21:00|09:00 A 22:00|09:00 a 21:00
9|1|160|Moreno I.|Supermercado|Avenida DEl Libertad|552|-34.6435|-58.7905|||1744|MORENO|AR-B|08:30 a 21:00|08:30 a 21:00|08:30 a 21:00|08:30 a 21:00|08:30 a 21:00|08:30 a 21:00|09:00 a 21:00
9|2|161|Moreno II.|Supermercado|Victorica y Pte. Perón|0|-34.6353|-58.791|||1744|MORENO|AR-B|09:00 a 22:00|09:00 a 22:00|09:00 a 22:00|09:00 a 22:00|09:00 a 22:00|09:00 a 22:00|08:00 a 22:00
9|1|162|Luján.|Supermercado|25 DE MAYO|260|-34.5623|-59.1199|||6700|LUJAN|AR-B|08:00 a 21:30|08:00 a 21:30|08:00 a 21:30|08:00 a 21:30|08:00 a 21:30|08:00 a 21:30|09:00 a 21:00
9|2|163|Bella Vista.|Supermercado|AVENIDA MORON SENADOR|960|-34.5608|-58.6785|||1661|BELLA VISTA|AR-B|08:30 a 21:30|08:30 a 21:30|08:30 a 21:30|08:30 a 21:30|08:30 a 21:30|08:30 a 21:30|08:00 a 22:00
9|1|164|Hurlingham.|Supermercado|Camino de cintura Gobernador Vergara|3275|-34.6031|-58.6354|||1686|HURLINGHAM|AR-B|08:30 a 21:00|08:30 a 21:00|08:30 a 21:00|08:30 a 21:00|08:30 a 21:00|08:30 a 21:00|09:00 a 21:00
9|1|165|Mercedes.|Supermercado|Avenida 29|399|-34.6533|-59.4327|||6600|MERCEDES|AR-B|08:00 a 21:30|08:00 a 21:30|08:00 a 21:30|08:00 a 21:30|08:00 a 21:30|08:00 a 21:30|09:00 a 21:00
9|1|170|Vea 1.|Supermercado|AVENIDA SAN MARTIN SUR GRAL JOSE DE|698|-32.9174|-68.8461|||5501|GODOY CRUZ|AR-M|08:30 a 21:30|08:30 a 21:30|08:30 a 21:30|08:30 a 21:30|08:30 a 21:30|08:30 a 21:30|08:00 a 22:00
9|1|171|Vea 2.|Supermercado|Sarmiento Domindo Faustino|998|-32.9393|-68.8347|||5501|GODOY CRUZ|AR-M|08:30 a 21:30|08:30 a 21:30|08:30 a 21:30|08:30 a 21:30|08:30 a 21:30|08:30 a 21:30|08:00 a 22:00
9|1|172|Vea 3.|Supermercado|Godoy Cruz DR. tomas|3825|-32.8942|-68.789|||5521|VILLA NUEVA DE GUAYMALLEN|AR-M|09:00 a 21:00|09:00 a 21:00|09:00 a 21:00|09:00 a 21:00|09:00 a 21:00|09:00 a 21:00|08:00 a 22:00
9|1|173|Vea 5.|Supermercado|Ignacio MOlina|325|-32.9039|-68.8034|||5521|VILLA NUEVA DE GUAYMALLEN|AR-M|08:30 a 21:30|08:30 a 21:30|08:30 a 21:30|08:30 a 21:30|08:30 a 21:30|08:30 a 21:30|08:00 a 22:00
9|1|174|Vea 6.|Supermercado|Paso de los Andes|850|-32.8897|-68.859|||5501|GODOY CRUZ|AR-M|09:00 a 13:00 y 17:00 a 21:00|09:00 a 13:00 y 17:00 a 21:00|09:00 a 13:00 y 17:00 a 21:00|09:00 a 13:00 y 17:00 a 21:00|09:00 a 13:00 y 17:00 a 21:00|09:00 a 13:00 y 17:00 a 21:00|08:00 a 22:00
9|1|175|Vea 7.|Supermercado|America|2780|-32.9127|-68.8762|||5547|GODOY CRUZ|AR-M|09:00 a 13:30 y 16:30 a 21:00|09:00 a 13:30 y 16:30 a 21:00|09:00 a 13:30 y 16:30 a 21:00|09:00 a 13:30 y 16:30 a 21:00|09:00 a 13:30 y 16:30 a 21:00|09:00 a 21:00|09:30 a 13:30 y 17:00 a 21:00
9|1|176|Vea 8.|Supermercado|Perito Moreno|1481|-32.9414|-68.8483|||5547|GODOY CRUZ|AR-M|09:00 a 13:00 y 17:00 a 21:00|09:00 a 13:00 y 17:00 a 21:00|09:00 a 13:00 y 17:00 a 21:00|09:00 a 13:00 y 17:00 a 21:00|09:00 a 13:00 y 17:00 a 21:00|09:00 a 13:00 y 17:00 a 21:00|08:00 a 22:00
9|1|179|Vea 11 Las Heras|Supermercado|San Miguel|1650|-32.8512|-68.8412|||5539|LAS HERAS|AR-M|09:00 a 21:00|09:00 a 21:00|09:00 a 21:00|09:00 a 21:00|09:00 a 21:00|09:00 a 21:30|09:00 a 13:00 y 17:00 a 21:00
9|1|180|Vea 12.|Supermercado|SANTIAGO DEL ESTERO PROVINCIA DE|25|-32.8707|-68.8337|||5500|MENDOZA|AR-M|09:00 a 21:00|09:00 a 21:00|09:00 a 21:00|09:00 a 21:00|09:00 a 21:00|09:00 a 21:00|08:00 a 22:00
9|1|181|Vea 14.|Supermercado|Godoy Cruz|1105|-32.8893|-68.8182|||5519|VILLA NUEVA DE GUAYMALLEN|AR-M|09:00 a 13:00 y 17:00 a 21:00|09:00 a 13:00 y 17:00 a 21:00|09:00 a 13:00 y 17:00 a 21:00|09:00 a 13:00 y 17:00 a 21:00|09:00 a 13:00 y 17:00 a 21:00|09:00 a 13:00 y 17:00 a 21:00|08:00 a 22:00
9|1|182|Vea 15.|Supermercado|9 de Julio|100|-33.0818|-68.4722|||5570|MENDOZA|AR-M|08:30 a 21:00|08:30 a 21:00|08:30 a 21:00|08:30 a 21:00|08:30 a 21:00|08:30 a 21:00|08:00 a 22:00
9|1|183|Vea 16.|Supermercado|Perrupato|356|-33.0863|-68.4807|||5570|MENDOZA|AR-M|09:00 a 13:00 y 17:00 a 21:00|09:00 a 13:00 y 17:00 a 21:00|09:00 a 13:00 y 17:00 a 21:00|09:00 a 13:00 y 17:00 a 21:00|09:00 a 13:00 y 17:00 a 21:00|09:00 a 13:00 y 17:00 a 21:00|08:00 a 22:00
9|1|184|Vea 17 Rivadavia|Supermercado|Lavalle|942|-33.0708|-68.4729|||5577|BARRIO RIVADAVIA|AR-M|09:00 a 13:00 y 17:00 a 21:00|09:00 a 13:00 y 17:00 a 21:00|09:00 a 13:00 y 17:00 a 21:00|09:00 a 13:00 y 17:00 a 21:00|09:00 a 13:00 y 17:00 a 21:00|09:00 a 21:00|08:00 a 22:00
9|1|185|Vea 18 Tunuyan|Supermercado|san martin|1211|-33.0325|-68.8777|||5523|TUNUYAN|AR-M|09:00 a 13:30 y 16:30 a 21:00|09:00 a 13:30 y 16:30 a 21:00|09:00 a 13:30 y 16:30 a 21:00|09:00 a 13:30 y 16:30 a 21:00|09:00 a 13:30 y 16:30 a 21:00|09:00 a 21:00|09:30 a 13:30 y 16:30 a 21:00
9|1|187|Vea 20.|Supermercado|Vasquez Padre|328|-32.9824|-68.7883|||5515|MAIPU|AR-M|08:30 a 21:00|08:30 a 21:00|08:30 a 21:00|08:30 a 21:00|08:30 a 21:00|08:30 a 21:00|08:00 a 22:00
9|1|188|Vea 21.|Supermercado|Paso de los Andes|82|-32.8997|-68.8598|||5500|MENDOZA|AR-M|09:00 a 21:00|09:00 a 21:00|09:00 a 21:00|09:00 a 21:00|09:00 a 21:00|09:00 a 21:00|09:30 a 21:30
9|1|189|Vea 23 - Shopping.|Supermercado|ACCESO ESTE|3280|-32.9018|-68.7971|||5521|VILLA NUEVA DE GUAYMALLEN|AR-M|09:00 a 22:00|09:00 a 22:00|09:00 a 22:00|09:00 a 22:00|09:00 a 22:00|09:00 a 22:00|09:00 a 22:00
9|1|190|Vea 24.|Supermercado|Moyano Lisandro|302|-32.8628|-68.8222|||5539|LAS HERAS|AR-M|08:30 a 13:00 y 17:00 a 21:00|08:30 a 13:00 y 17:00 a 21:00|08:30 a 13:00 y 17:00 a 21:00|08:30 a 13:00 y 17:00 a 21:00|08:30 a 13:00 y 17:00 a 21:00|08:30 a 13:00 y 17:00 a 21:00|08:00 a 22:00
9|1|191|Vea 25.|Supermercado|Av. Yrigoyen Presindente|875|-34.6128|-68.3403|||5560|SAN RAFAEL|AR-M|09:00 a 21:30|09:00 a 21:30|09:00 a 21:30|09:00 a 21:30|09:00 a 21:30|09:00 a 21:30|08:00 a 22:00
9|1|192|Vea 26.|Supermercado|R. Panamericana|2675|-32.9557|-68.8577|||5501|MENDOZA|AR-M|08:30 a 22:00|08:30 a 22:00|08:30 a 22:00|08:30 a 22:00|08:30 a 22:00|08:30 a 22:00|08:00 a 22:00
9|1|193|Vea 27.|Supermercado|Av. Del Libertador|2359|-31.5278|-68.5671|||5400|SAN JUAN|AR-J|08:30 a 13:30 y 17:00 a 21:30|08:30 a 13:30 y 17:00 a 21:30|08:30 a 13:30 y 17:00 a 21:30|08:30 a 13:30 y 17:00 a 21:30|08:30 a 13:30 y 17:00 a 21:30|08:30 a 13:30 y 17:00 a 21:30|08:00 a 22:00
9|1|194|Vea 28.|Supermercado|25 De Mayo y Jujuy|0|-31.5309|-68.521|||5400|SAN JUAN|AR-J|08:30 a 22:00|08:30 a 22:00|08:30 a 22:00|08:30 a 22:00|08:30 a 22:00|08:30 a 22:00|08:00 a 22:00
9|1|195|Rio IV Banda Norte|Supermercado|AVENIDA ALVEAR PRESIDENTE MARCELO TORCUATO DE|350|-33.1105|-64.3401|||5804|RIO CUARTO|AR-X|08:30 a 22:00|08:30 a 22:00|08:30 a 22:00|08:30 a 22:00|08:30 a 22:00|08:30 a 22:00|08:00 a 22:00
9|1|196|Mayorista.|Supermercado|MATIENZO BENJAMIN|936|-32.8884|-68.8252|||5521|VILLA NUEVA DE GUAYMALLEN|AR-M|08:00 a 20:00|08:00 a 20:00|08:00 a 20:00|08:00 a 20:00|08:00 a 20:00|08:00 a 15:00|Cerrado
9|1|220|Vea 30.|Supermercado|SAN MARTIN|880|-33.0359|-68.879|||5507|LUJAN DE CUYO|AR-M|08:30 a 21:30|08:30 a 21:30|08:30 a 21:30|08:30 a 21:30|08:30 a 21:30|08:30 a 21:30|08:00 a 22:00
9|2|231|Rawson y Alvear.|Supermercado|RAWSON GUILLERMO|1199|-38.0129|-57.5436|||7600|MAR DEL PLATA|AR-B|08:30 a 21:00|08:30 a 21:00|08:30 a 21:00|08:30 a 21:00|08:30 a 21:00|8:30 a 21:00|08:00 a 22:00
9|1|232|Villa María|Supermercado|BOULEVARD VELEZ SARSFIELD|411|-32.4086|-63.2565|||5901|VILLA MARIA|AR-X|08:30 a 22:00|08:30 a 22:00|08:30 a 22:00|08:30 a 22:00|08:30 a 22:00|08:30 a 22:00|08:00 a 22:00
9|2|233|Centro Villa Carlos Paz|Supermercado|SAN MARTIN|311|-31.4188|-64.4951|||5152|VILLA CARLOS PAZ|AR-X|08:30 a 22:00|08:30 a 22:00|08:30 a 22:00|08:30 a 22:00|08:30 a 22:00|08:30 a 22:00|08:00 a 22:00
9|1|234|Caseros.|Supermercado|AVENIDA MITRE BARTOLOME|4650|-34.6106|-58.5608|||1678|CASEROS|AR-B|08:30 a 21:30|08:30 a 21:30|08:30 a 21:30|08:30 a 21:30|08:30 a 21:30|08:30 a 21:30|09:00 a 21:00
9|2|235|La Horqueta.|Supermercado|Blanco Encalada|2509|-34.4769|-58.5733|||1609|SAN ISIDRO|AR-B|08:30 a 21:00|08:30 a 21:00|08:30 a 21:00|08:30 a 21:00|08:30 a 21:00|8:30 a 21:00|08:00 a 22:00
9|2|237|Beiró.|Supermercado|AVENIDA BEIRO FRANCISCO|3560|-34.6002|-58.504|||1419|CIUDAD AUTONOMA BUENOS AIRES|AR-C|08:00 a 21:30|08:00 a 21:30|08:00 a 21:30|08:00 a 21:30|08:00 a 21:30|08:00 a 21:30|08:00 a 22:00
9|1|240|Boedo.|Supermercado|AVENIDA INDEPENDENCIA|4221|-34.6216|-58.4278|||1226|CIUDAD AUTONOMA BUENOS AIRES|AR-C|08:30 a 21:30|08:30 a 21:30|08:30 a 21:30|08:30 a 21:30|08:30 a 21:30|08:30 a 21:30|08:00 a 22:00
9|1|241|Mar del Plata SM 241|Supermercado|EDISON THOMAS ALVA|1118|-38.0469|-57.5535|||7603|MAR DEL PLATA|AR-B|08:30 a 21:00|08:30 a 21:00|08:30 a 21:00|08:30 a 21:00|08:30 a 21:00|08:30 a 21:00|08:00 a 22:00
9|1|243|Av Belgrano Catamarca|Supermercado|AVENIDA BELGRANO MANUEL|960|-28.4603|-65.7728|||4700|SAN FDO DEL VALLE DE CATAMARCA|AR-K|08:00 a 22:00|08:00 a 22:00|08:00 a 22:00|08:00 a 22:00|08:00 a 22:00|08:00 a 22:00|08:00 a 22:00
9|2|247|José María Moreno.|Supermercado|AVENIDA MORENO JOSE MARIA|368|-34.6221|-58.4368|||1424|CIUDAD AUTONOMA BUENOS AIRES|AR-C|08:00 a 21:30|08:00 a 21:30|08:00 a 21:30|08:00 a 21:30|08:00 a 21:30|08:00 a 21:30|08:00 a 22:00
9|2|248|San Bernardo.|Supermercado|SANTIAGO DEL ESTERO|2690|-36.6882|-56.6835|||7111|SAN BERNARDO DEL TUYU|AR-B|09:00 a 21:00|09:00 a 21:00|09:00 a 21:00|09:00 a 21:00|09:00 a 21:00|09:00 a 21:00|08:00 a 22:00
9|1|398|Vea 31.|Supermercado|Bandera de los Andes|10008|-32.9062|-68.7829|||5521|RODEO DE LA CRUZ|AR-M|08:30 a 13:00 y 16:30 a 21:00|08:30 a 13:00 y 16:30 a 21:00|08:30 a 13:00 y 16:30 a 21:00|08:30 a 13:00 y 16:30 a 21:00|08:30 a 13:00 y 16:30 a 21:00|08:30 a 21:00|08:00 a 22:00
9|1|399|Vea 32.|Supermercado|Tropero Sosa|15|-33.0865|-68.4619|||5570|MENDOZA|AR-M|08:30 a 22:00|08:30 a 22:00|08:30 a 22:00|08:30 a 22:00|08:30 a 22:00|08:30 a 22:00|08:00 a 22:00
9|1|400|Vea 33 Dorrego|Supermercado|Pedro Vargas|355|-32.9029|-68.8329|||5519|VILLA NUEVA DE GUAYMALLEN|AR-M|08:30 a 13:00 y 17:00 a 21:00|08:30 a 13:00 y 17:00 a 21:00|08:30 a 13:00 y 17:00 a 21:00|08:30 a 13:00 y 17:00 a 21:00|08:30 a 13:00 y 17:00 a 21:00|08:30 a 21:00|08:00 a 22:00
9|1|401|Vea 35 Maipú|Supermercado|Urquiza|3620|-32.9122|-68.7858|||5515|MAIPU|AR-M|08:30 a 13:00 y 17:00 a 21:00|08:30 a 13:00 y 17:00 a 21:00|08:30 a 13:00 y 17:00 a 21:00|08:30 a 13:00 y 17:00 a 21:00|08:30 a 13:00 y 17:00 a 21:00|08:30 a 21:00|08:00 a 22:00
9|1|402|Vea 34 Patricias y Barcala|Supermercado|PATRICIAS MENDOCINAS|1730|-32.8821|-68.8415|||5500|MENDOZA|AR-M|09:00 a 21:30|09:00 a 21:30|09:00 a 21:30|09:00 a 21:30|09:00 a 21:30|09:00 a 21:30|09:30 a 14:00
9|1|408|Vea 39 Calle Salta|Supermercado|SALTA NORTE|1048|-31.5235|-68.5365|||5400|SAN JUAN|AR-J|08:30 a 13:30 y 17:00 a 21:30|08:30 a 13:30 y 17:00 a 21:30|08:30 a 13:30 y 17:00 a 21:30|08:30 a 13:30 y 17:00 a 21:30|08:30 a 13:30 y 17:00 a 21:30|08:30 a 13:30 y 17:00 a 21:30|08:00 a 22:00
9|1|410|Vea 41 Trinidad|Supermercado|General Acha|1482|-31.5172|-68.5259|||5400|SAN JUAN|AR-J|08:30 a 13:30 y 17:00 a 21:30|08:30 a 13:30 y 17:00 a 21:30|08:30 a 13:30 y 17:00 a 21:30|08:30 a 13:30 y 17:00 a 21:30|08:30 a 13:30 y 17:00 a 21:30|08:30 a 21:00|08:00 a 22:00
9|1|413|Vea 44 Shopping|Supermercado|Av. Ignacio de la Roza|1946|-31.5389|-68.5556|||5400|SAN JUAN|AR-J|08:30 a 21:30|08:30 a 21:30|08:30 a 21:30|08:30 a 21:30|08:30 a 21:30|08:30 a 21:30|08:00 a 22:00
9|1|414|Vea 45.|Supermercado|AVENIDA ALBARRACIN DE SARMIENTO NORTE PAULA|420|-31.5358|-68.5144|||5400|SAN JUAN|AR-J|08:30 a 13:30 y 17:00 a 21:30|08:30 a 13:30 y 17:00 a 21:30|08:30 a 13:30 y 17:00 a 21:30|08:30 a 13:30 y 17:00 a 21:30|08:30 a 13:30 y 17:00 a 21:30|08:30 a 13:30 y 17:00 a 21:30|08:00 a 22:00
9|1|415|Vea 46 Caucete|Supermercado|Diagonal Sarmiento y Rivadavia Caucete|0|-31.5358|-68.5142|||5425|SAN JUAN|AR-J|08:30 a 13:30 y 17:00 a 21:30|08:30 a 13:30 y 17:00 a 21:30|08:30 a 13:30 y 17:00 a 21:30|08:30 a 13:30 y 17:00 a 21:30|08:30 a 13:30 y 17:00 a 21:30|08:30 a 21:00|08:00 a 22:00
9|1|417|Vea 48 Gral Acha|Supermercado|General Acha|130|-31.5357|-68.5244|||5400|SAN JUAN|AR-J|08:30 a 21:30|08:30 a 21:30|08:30 a 21:30|08:30 a 21:30|08:30 a 21:30|08:30 a 21:30|08:00 a 22:00
9|1|423|Vea 36.|Supermercado|AVENIDA MITRE|679|-33.6806|-65.464|||5730|VILLA MERCEDES|AR-D|08:30 a 21:30|08:30 a 21:30|08:30 a 21:30|08:30 a 21:30|08:30 a 21:30|08:30 a 21:30|08:00 a 22:00
9|1|432|San Vicente.|Supermercado|SAN JERONIMO|2830|-31.4235|-64.1472|||5006|CORDOBA|AR-X|08:30 a 22:00|08:30 a 22:00|08:30 a 22:00|08:30 a 22:00|08:30 a 22:00|08:30 a 22:00|08:00 a 22:00
9|1|433|Cipolletti.|Hipermercado|BRENTANA PADRE JOSE MARIA|370|-38.9387|-67.989|||8324|CIPOLLETTI|AR-R|08:30 a 21:00|08:30 a 21:00|08:30 a 21:00|08:30 a 21:00|08:30 a 21:00|08:00 a 12:30|08:00 a 22:00
9|1|434|Olmos I.|Supermercado|AVENIDA OLMOS EMILIO F|78|-31.4279|-64.1833|||5000|CORDOBA|AR-X|08:30 a 21:30|08:30 a 21:30|08:30 a 21:30|08:30 a 21:30|08:30 a 21:30|08:30 a 21:30|08:00 a 22:00
9|2|435|Los 33 - Nueva Cordoba|Supermercado|ITUZAINGO|701|-31.4252|-64.1848|||5000|CORDOBA|AR-X|08:30 a 22:00|08:30 a 22:00|08:30 a 22:00|08:30 a 22:00|08:30 a 22:00|08:30 a 22:00|08:00 a 22:00
9|2|436|Cerro II.|Supermercado|AVENIDA NUÑEZ RAFAEL|3657|-31.3806|-64.2229|||5009|CORDOBA|AR-X|08:30 a 22:00|08:30 a 22:00|08:30 a 22:00|08:30 a 22:00|08:30 a 22:00|08:30 a 22:00|08:00 a 22:00
9|1|437|Ruta 20.|Supermercado|AVENIDA FUERZA AEREA ARGENTINA|2080|-31.4303|-64.219|||5000|CORDOBA|AR-X|08:30 a 22:00|08:30 a 22:00|08:30 a 22:00|08:30 a 22:00|08:30 a 22:00|08:30 a 22:00|08:00 a 22:00
9|2|439|Colón y Fragueyro|Supermercado|AVENIDA COLON|683|-31.4108|-64.1927|||5000|CORDOBA|AR-X|08:30 a 22:00|08:30 a 22:00|08:30 a 22:00|08:30 a 22:00|08:30 a 22:00|08:30 a 22:00|08:00 a 22:00
9|1|440|Chacabuco.|Supermercado|BOULEVARD CHACABUCO|199|-31.4225|-64.1823|||5000|CORDOBA|AR-X|08:30 a 21:30|08:30 a 21:30|08:30 a 21:30|08:30 a 21:30|08:30 a 21:30|08:30 a 21:30|08:00 a 22:00
9|2|441|Estrada.|Supermercado|J.M. Estada|66|-31.4277|-64.188|||5000|CORDOBA|AR-X|08:30 a 22:00|08:30 a 22:00|08:30 a 22:00|08:30 a 22:00|08:30 a 22:00|08:30 a 22:00|08:00 a 22:00
9|2|444|Vélez I.|Supermercado|AVENIDA VELEZ SARSFIELD DR DALMACIO|132|-31.4168|-64.1874|||5000|CORDOBA|AR-X|08:30 a 22:00|08:30 a 22:00|08:30 a 22:00|08:30 a 22:00|08:30 a 22:00|08:30 a 22:00|08:00 a 22:00
9|2|448|Cárcano Villa Carlos Paz|Supermercado|AVENIDA CARCANO DR RAMON JOSE|925|-31.4367|-64.5007|||5152|VILLA CARLOS PAZ|AR-X|08:30 a 22:00|08:30 a 22:00|08:30 a 22:00|08:30 a 22:00|08:30 a 22:00|08:30 a 22:00|08:00 a 22:00
9|2|449|Acceso Villa Carlos Paz|Supermercado|SAN MARTIN|1173|-31.413|-64.4852|||5152|VILLA CARLOS PAZ|AR-X|08:30 a 22:00|08:30 a 22:00|08:30 a 22:00|08:30 a 22:00|08:30 a 22:00|08:30 a 22:00|08:00 a 22:00
9|2|450|Cosquín.|Supermercado|AVENIDA SAN MARTIN GRAL JOSE DE|1127|-31.2445|-64.4659|||5166|COSQUIN|AR-X|08:30 a 21:30|08:30 a 21:30|08:30 a 21:30|08:30 a 21:30|08:30 a 21:30|08:30 a 21:30|08:00 a 22:00
9|3|451|Nuevocentro|Supermercado|DUARTE QUIROS IGNACIO|1450|-31.4126|-64.1616|||5000|CORDOBA|AR-X|09:00 a 23:00|09:00 a 23:00|09:00 a 23:00|09:00 a 23:00|09:00 a 23:00|09:00 a 23:00|08:00 a 22:00
9|2|452|La Falda.|Supermercado|AVENIDA EDEN|370|-31.093|-64.483|||5172|LA FALDA|AR-X|08:30 a 21:30|08:30 a 21:30|08:30 a 21:30|08:30 a 21:30|08:30 a 21:30|08:30 a 21:30|08:00 a 22:00
9|1|453|Ruta 9.|Supermercado|AVENIDA SABATTINI DR AMADEO|2180|-31.4333|-64.1568|||5000|CORDOBA|AR-X|08:30 a 22:00|08:30 a 22:00|08:30 a 22:00|08:30 a 22:00|08:30 a 22:00|08:30 a 22:00|08:00 a 22:00
9|1|455|Zanni.|Supermercado|Avenida Colon Esquina P. Zanni|0|-31.4054|-64.2119|||5000|CORDOBA|AR-X|08:30 a 21:30|08:30 a 21:30|08:30 a 21:30|08:30 a 21:30|08:30 a 21:30|08:30 a 21:30|08:00 a 22:00
9|2|456|Jesús María.|Supermercado|OLMOS ING|33|-30.9804|-64.096|||5220|JESUS MARIA|AR-X|08:30 a 13:30 Y 16:30 A 21:30|08:30 a 13:30 Y 16:30 A 21:30|08:30 a 13:30 Y 16:30 A 21:30|08:30 a 13:30 Y 16:30 A 21:30|08:30 a 13:30 Y 16:30 A 21:30|08:30 a 21:30|08:00 a 22:00
9|2|460|Ricchieri.|Supermercado|Avenida Ricchieri|3296|-31.4507|-64.1767|||5000|CORDOBA|AR-X|09:00 a 22:00|09:00 a 22:00|09:00 a 22:00|09:00 a 22:00|09:00 a 22:00|09:00 a 22:00|08:00 a 22:00
9|1|464|San Francisco.|Supermercado|Avenida 25 de Mayo|2127|-31.4288|-62.0894|||2400|SAN FRANCISCO|AR-X|08:30 a 13:30 y 16:30 a 22:00|08:30 a 13:30 y 16:30 a 22:00|08:30 a 13:30 y 16:30 a 22:00|08:30 a 13:30 y 16:30 a 22:00|08:30 a 13:30 y 16:30 a 22:00|08:30 a 22:00|08:00 a 22:00
9|1|466|Armada Argentina.|Supermercado|AVENIDA ARMADA ARGENTINA|334|-31.4536|-64.2062|||5000|CORDOBA|AR-X|08:30 a 22:00|08:30 a 22:00|08:30 a 22:00|08:30 a 22:00|08:30 a 22:00|08:30 a 22:00|08:00 a 22:00
9|2|468|Recta Martinolli I|Supermercado|Recta Martinolli|7120|-31.367|-64.2194|||5147|CORDOBA|AR-X|08:30 a 21:30|08:30 a 21:30|08:30 a 21:30|08:30 a 21:30|08:30 a 21:30|08:30 a 21:30|08:00 a 22:00
9|1|472|Ipona.|Supermercado|AVENIDA CIUDAD DE VALPARAISO|2048|-31.445|-64.1868|||5000|CORDOBA|AR-X|08:30 a 21:30|08:30 a 21:30|08:30 a 21:30|08:30 a 21:30|08:30 a 21:30|08:30 a 21:30|08:00 a 22:00
9|1|473|24 de Septiembre.|Supermercado|Avenida 24 de Septiembre|1330|-31.4137|-64.1656|||5000|CORDOBA|AR-X|08:30 a 21:30|08:30 a 21:30|08:30 a 21:30|08:30 a 21:30|08:30 a 21:30|08:30 a 21:30|08:00 a 22:00
9|1|475|Arguello.|Supermercado|AVENIDA NUÑEZ RAFAEL|5557|-31.3527|-64.2462|||5000|CORDOBA|AR-X|08:30 a 22:00|08:30 a 22:00|08:30 a 22:00|08:30 a 22:00|08:30 a 22:00|08:30 a 22:00|08:00 a 22:00
9|1|476|Colon II.|Supermercado|AVENIDA COLON|461|-31.4116|-64.1893|||5000|CORDOBA|AR-X|08:30 a 21:30|08:30 a 21:30|08:30 a 21:30|08:30 a 21:30|08:30 a 21:30|08:30 a 21:30|08:00 a 22:00
9|1|478|Bellville.|Supermercado|BOULEVARD COLON|850|-32.619|-62.6938|||2550|BELL VILLE|AR-X|08:30 a 22:00|08:30 a 22:00|08:30 a 22:00|08:30 a 22:00|08:30 a 22:00|08:30 a 22:00|08:00 a 22:00
9|1|479|Rio IV Sabattini|Supermercado|AVENIDA SABATTINI DR AMADEO|2136|-33.1383|-64.3538|||5800|RIO CUARTO|AR-X|08:30 a 22:00|08:30 a 22:00|08:30 a 22:00|08:30 a 22:00|08:30 a 22:00|08:30 a 22:00|08:00 a 22:00
9|1|485|La Calera..|Supermercado|Moyano Saul|200|-31.3451|-64.3388|||5151|CORDOBA|AR-X|08:30 a 21:30|08:30 a 21:30|08:30 a 21:30|08:30 a 21:30|08:30 a 21:30|08:30 a 21:30|08:00 a 22:00
9|1|503|Marcos Juarez.|Supermercado|BOULEVARD LARDIZABAL IGNACIO MARIA|900|-32.6981|-62.1046|||2580|MARCOS JUAREZ|AR-X|08:30 a 21:30|08:30 a 21:30|08:30 a 21:30|08:30 a 21:30|08:30 a 21:30|08:30 a 21:30|08:00 a 22:00
9|1|505|Catamarca III.|Supermercado|AVENIDA GUEMES GRAL MARTIN MIGUEL DE|856|-28.4757|-65.7745|||4700|SAN FDO DEL VALLE DE CATAMARCA|AR-K|08:30 a 22:00|08:30 a 22:00|08:30 a 22:00|08:30 a 22:00|08:30 a 22:00|08:30 a 22:00|09:00 a 21:00
9|1|545|SM 545 Tupungato Mza.|Supermercado|LINIERS SANTIAGO DE|235|-33.3636|-69.1436|||5561|TUPUNGATO|AR-M|08:30 a 13:30 y 17:00 a 21:30|08:30 a 13:30 y 17:00 a 21:30|08:30 a 13:30 y 17:00 a 21:30|08:30 a 13:30 y 17:00 a 21:30|08:30 a 13:30 y 17:00 a 21:30|08:30 a 13:30 y 17:00 a 21:30|09:00 a 13:00 y 17:00 a 21:00
9|2|583|SM 583 - Villa Allende.|Supermercado|GOYCOECHEA|1327|-31.3015|-64.2856|||5105|VILLA ALLENDE|AR-X|08:30 a 22:00|08:30 a 22:00|08:30 a 22:00|08:30 a 22:00|08:30 a 22:00|08:30 a 22:00|08:00 a 22:00
9|1|584|SM 584 San Rafael III Mza.|Supermercado|Av. Mitre y Patricias Mendocinas|0|-34.6205|-68.3171|||5600|SAN RAFAEL|AR-M|08:30 a 13:00 y 16:30 a 21:00|08:30 a 13:00 y 16:30 a 21:00|08:30 a 13:00 y 16:30 a 21:00|08:30 a 13:00 y 16:30 a 21:00|08:30 a 13:00 y 16:30 a 21:00|08:30 a 13:00 y 16:30 a 21:00|08:00 a 22:00
9|3|628|Jumbo San Fernando|Supermercado|AVENIDA DEL LIBERTADOR GRAL SAN MARTIN|2271|-34.4469|-58.5457|||1646|SAN FERNANDO|AR-B|08:00 a 22:00|08:00 a 22:00|08:00 a 22:00|08:00 a 22:00|08:00 a 22:00|08:00 a 22:00|08:00 a 22:00
9|1|633|La Plata SM 633|Supermercado|CALLE 525|1316|-34.8955|-57.9801|||1906|LA PLATA|AR-B|08:00 a 21:00|08:00 a 21:00|08:00 a 21:00|08:00 a 21:00|08:00 a 21:00|08:00 a 21:00|08:00 a 22:00
9|1|636|La Plata SM 636|Supermercado|CALLE 13|1936|-34.9362|-57.9344|||1906|LA PLATA|AR-B|08:00 a 21:00|08:00 a 21:00|08:00 a 21:00|08:00 a 21:00|08:00 a 21:00|08:00 a 21:00|08:00 a 22:00
9|1|640|La Plata SM 640|Supermercado|CALLE 47 NORESTE|0|-34.9168|-57.9562|||1900|LA PLATA|AR-B|08:00 a 21:00|08:00 a 21:00|08:00 a 21:00|08:00 a 21:00|08:00 a 21:00|08:00 a 21:00|08:00 a 22:00
9|1|657|Sarmiento y O´Higgins|Supermercado|AVENIDA SARMIENTO Y O´HIGGINS|0|-24.7767|-65.4148|||4400|SALTA|AR-A|08:00 a 22:00|08:00 a 22:00|08:00 a 22:00|08:00 a 22:00|08:00 a 22:00|08:00 a 22:00|08:00 a 22:00
9|1|658|Peatonal Florida|Supermercado|FLORIDA|50|-24.7903|-65.4118|||4400|SALTA|AR-A|08:00 a 22:00|08:00 a 22:00|08:00 a 22:00|08:00 a 22:00|08:00 a 22:00|08:00 a 22:00|08:00 a 22:00
9|1|659|Tucumán V.|Supermercado|CORDOBA PROVINCIA DE|649|-26.8306|-65.2177|||4000|SAN MIGUEL DE TUCUMAN|AR-T|08:00 a 22:00|08:00 a 22:00|08:00 a 22:00|08:00 a 22:00|08:00 a 22:00|08:00 a 22:00|08:00 a 22:00
9|1|660|Av Alem|Supermercado|AVENIDA ALEM LEANDRO NICEFORO|248|-26.8328|-65.2282|||4000|SAN MIGUEL DE TUCUMAN|AR-T|08:30 a 22:00|08:30 a 22:00|08:30 a 22:00|08:30 a 22:00|08:30 a 22:00|08:30 a 22:00|08:00 a 22:00
9|3|662|Jumbo Paseo del Pilar|Supermercado|ACCESO PILAR NORTE|0|-34.436|-58.808|||1669|DEL VISO|AR-B|08:30 a 21:00|08:30 a 21:00|08:30 a 21:00|08:30 a 21:00|08:30 a 21:00|08:30 a 21:30|08:00 a 22:00
9|1|665|SM Manzanares.|Supermercado|MANZANARES SOLD|3953|-34.5545|-58.4835|||1430|CIUDAD AUTONOMA BUENOS AIRES|AR-C|08:30 a 21:00|08:30 a 21:00|08:30 a 21:00|08:30 a 21:00|08:30 a 21:00|08:30 a 21:30|09:00 a 14:00
9|1|690|Rio Tercero|Supermercado|AVENIDA ACUÑA MODESTO|50|-32.174|-64.1094|||5850|RIO TERCERO|AR-X|08:30 a 13:00 Y 17:00 A 21:30|08:30 a 13:00 Y 17:00 A 21:30|08:30 a 13:00 Y 17:00 A 21:30|08:30 a 13:00 Y 17:00 A 21:30|08:30 a 13:00 Y 17:00 A 21:30|08:30 a 21:30|08:00 a 22:00
9|1|692|Lanus SM 692|Hipermercado|AVENIDA YRIGOYEN PRESIDENTE HIPOLITO|3043|-34.6914|-58.3914|||1824|LANUS|AR-B|08:30 a 21:30|08:30 a 21:30|08:30 a 21:30|08:30 a 21:30|08:30 a 21:30|08:30 a 21:30|08:00 a 22:00
9|1|696|Av. San Juan|Hipermercado|AVENIDA SAN JUAN|2862|-34.6245|-58.4066|||1232|CIUDAD AUTONOMA BUENOS AIRES|AR-C|08:30 a 21:30|08:30 a 21:30|08:30 a 21:30|08:30 a 21:30|08:30 a 21:30|08:30 a 21:30|09:00 a 21:00
9|1|697|Pacheco|Hipermercado|LA RIOJA S/N ENTRE J.M. PAZ Y BS AS|0|-34.4566|-58.6259|||1617|GENERAL PACHECO|AR-B|08:30 a 21:00|08:30 a 21:00|08:30 a 21:00|08:30 a 21:00|08:30 a 21:00|08:30 a 21:00|09:00 a 21:00
9|1|698|Monte Grande|Hipermercado|BOULEVARD BUENOS AIRES|1136|-34.8121|-58.4511|||1842|MONTE GRANDE|AR-B|08:00 a 21:00|08:00 a 21:00|08:00 a 21:00|08:00 a 21:00|08:00 a 21:00|08:00 a 21:00|09:00 a 21:00
9|1|700|Av. Cordoba|Hipermercado|AVENIDA CORDOBA|6103|-34.5836|-58.4486|||1427|CIUDAD AUTONOMA BUENOS AIRES|AR-C|08:00 a 21:00|08:00 a 21:00|08:00 a 21:00|08:00 a 21:00|08:00 a 21:00|08:00 a 21:00|09:00 a 14:00
9|2|701|Directorio.|Supermercado|AVENIDA DIRECTORIO|1251|-34.6295|-58.4478|||1406|CIUDAD AUTONOMA BUENOS AIRES|AR-C|08:30 a 21:30|08:30 a 21:30|08:30 a 21:30|08:30 a 21:30|08:30 a 21:30|08:30 a 21:30|08:00 a 22:00
9|1|702|Lobos.|Supermercado|ALBERTINI PBTO JOSE|9|-35.1863|-59.0979|||7240|LOBOS|AR-B|08:30 a 21:00|08:30 a 21:00|08:30 a 21:00|08:30 a 21:00|08:30 a 21:00|08:30 a 21:00|Cerrado
9|1|703|Cañuelas.|Supermercado|AZCUENAGA|738|-35.0502|-58.7561|||1814|CAÑUELAS|AR-B|08:00 a 21:00|08:00 a 21:00|08:00 a 21:00|08:00 a 21:00|08:00 a 21:00|08:00 a 21:00|09:00 a 21:00
9|1|704|SM 704 Tres Arroyos.|Supermercado|CALLE 1810|124|-38.3773|-60.2727|||7500|TRES ARROYOS|AR-B|08:00 a 21:00|08:00 a 21:00|08:00 a 21:00|08:00 a 21:00|08:00 a 21:00|08:00 a 21:00|08:00 a 22:00
9|1|706|Puerto Madryn..|Supermercado|BELGRANO DR MANUEL|372|-42.7683|-65.039|||9120|PUERTO MADRYN|AR-U|08:30 a 21:30|08:30 a 21:30|08:30 a 21:30|08:30 a 21:30|08:30 a 21:30|08:30 a 21:30|08:00 a 22:00
9|1|708|Av. Menem|Supermercado|Laprida y Artigas|6811|-29.4295|-66.8541|||5300|LA RIOJA|AR-F|08:30 a 22:30|08:30 a 22:30|08:30 a 22:30|08:30 a 22:30|08:30 a 22:30|08:30 a 22:30|08:00 a 22:00
9|2|725|Alta Gracia.|Supermercado|Raul Alfonsin|650|-31.6512|-64.4269|||5000|ALTA GRACIA|AR-X|08:30 a 22:00|08:30 a 22:00|08:30 a 22:00|08:30 a 22:00|08:30 a 22:00|08:30 a 22:00|08:00 a 22:00
9|1|769|Catamarca Peatonal.|Supermercado|RIVADAVIA|954|-28.4726|-65.7782|||4700|SAN FDO DEL VALLE DE CATAMARCA|AR-K|08:00 a 22:30|08:00 a 22:30|08:00 a 22:30|08:00 a 22:30|08:00 a 22:30|08:00 a 22:30|08:00 a 22:00
9|1|803|Vea 50 Gral Alvear|Supermercado|AVENIDA LIBERTADOR SAN MARTIN NORTE|229|-34.9666|-67.7|||5620|GENERAL ALVEAR|AR-M|08:30 a 13:00 y 16:30 a 21:00|08:30 a 13:00 y 16:30 a 21:00|08:30 a 13:00 y 16:30 a 21:00|08:30 a 13:00 y 16:30 a 21:00|08:30 a 13:00 y 16:30 a 21:00|08:30 a 13:00 y 16:30 a 21:00|08:00 a 22:00
9|1|815|Vea 51 Rawson|Supermercado|Republica del Libano|297|-31.5667|-68.5323|||5400|SAN JUAN|AR-J|09:00 a 13:30 y 17:00 a 21:30|09:00 a 13:30 y 17:00 a 21:30|09:00 a 13:30 y 17:00 a 21:30|09:00 a 13:30 y 17:00 a 21:30|09:00 a 13:30 y 17:00 a 21:30|09:00 a 13:30 y 17:00 a 21:00|08:00 a 22:00
9|2|842|Cruz del Eje.|Supermercado|Rivadavia, esquina alvear|293|-30.7249|-64.8005|||5280|CRUZ DEL EJE|AR-X|08:30 a 13:30 Y 16:30 A 21:30|08:30 a 13:30 Y 16:30 A 21:30|08:30 a 13:30 Y 16:30 A 21:30|08:30 a 13:30 Y 16:30 A 21:30|08:30 a 13:30 Y 16:30 A 21:30|08:30 a 21:30|08:00 a 22:00
9|2|843|Rio Ceballos.|Supermercado|AVENIDA SAN MARTIN|5259|-31.1833|-64.3333|||5111|RIO CEBALLOS|AR-X|08:30 a 13:30 y 16:30 a 21:30|08:30 a 13:30 y 16:30 a 21:30|08:30 a 13:30 y 16:30 a 21:30|08:30 a 13:30 y 16:30 a 21:30|08:30 a 13:30 y 16:30 a 21:30|08:30 a 13:30 y 16:30 a 21:30|08:00 a 22:00
9|1|860|Vea 52.|Supermercado|Av. Julio A. Roca esq. Av. Juan D. Peron|0|-33.3065|-66.3236|||5700|SAN LUIS|AR-D|08:30 a 22:00|08:30 a 22:00|08:30 a 22:00|08:30 a 22:00|08:30 a 22:00|08:30 a 22:00|08:00 a 22:00
9|1|868|Vea 53 San Rafel II|Supermercado|AVENIDA EL LIBERTADOR|755|-34.6242|-68.3339|||5600|SAN RAFAEL|AR-M|08:30 a 13:00 y 17:00 a 21:00|08:30 a 13:00 y 17:00 a 21:00|08:30 a 13:00 y 17:00 a 21:00|08:30 a 13:00 y 17:00 a 21:00|08:30 a 13:00 y 17:00 a 21:00|08:30 a 21:30|08:00 a 22:00
9|1|903|Monteros|Supermercado|Alberdi|0|-27.1699|-65.4999|||4142|MONTEROS VIEJO|AR-T|08:30 a 14:00 y 17:00 a 22:00|08:30 a 14:00 y 17:00 a 22:00|08:30 a 14:00 y 17:00 a 22:00|08:30 a 14:00 y 17:00 a 22:00|08:30 a 14:00 y 17:00 a 22:00|08:00 a 22:00|08:00 a 22:00
9|1|904|Concepción|Supermercado|RIVADAVIA|36|-27.3503|-65.6008|||4146|CONCEPCION|AR-T|08:30 a 14:00 y 17:00 a 22:00|08:30 a 14:00 y 17:00 a 22:00|08:30 a 14:00 y 17:00 a 22:00|08:30 a 14:00 y 17:00 a 22:00|08:30 a 14:00 y 17:00 a 22:00|08:00 a 22:00|08:00 a 22:00
9|1|906|Alberdi|Supermercado|RIVADAVIA|732|-27.5889|-65.6202|||4161|JUAN BAUTISTA ALBERDI|AR-T|08:30 a 14:00 y 17:00 a 22:00|08:30 a 14:00 y 17:00 a 22:00|08:30 a 14:00 y 17:00 a 22:00|08:30 a 14:00 y 17:00 a 22:00|08:30 a 14:00 y 17:00 a 22:00|08:00 a 22:00|08:00 a 22:00
9|1|942|Mar del Plata SM 942|Hipermercado|AVENIDA INDEPENDENCIA|3705|-38.0126|-57.5652|||7600|MAR DEL PLATA|AR-B|08:30 a 22:00|08:30 a 22:00|08:30 a 22:00|08:30 a 22:00|08:30 a 22:00|08:30 a 22:00|08:00 a 22:00
9|2|977|SM 977 Cuba.|Supermercado|CUBA|1714|-34.5646|-58.4517|||1426|CIUDAD AUTONOMA BUENOS AIRES|AR-C|08:00 a 21:30|08:00 a 21:30|08:00 a 21:30|08:00 a 21:30|08:00 a 21:30|08:00 a 21:30|08:00 a 22:00
9|1|980|Parque San Martín|Supermercado|MENDOZA|225|-24.7958|-65.4056|||4400|SALTA|AR-A|08:00 a 22:00|08:00 a 22:00|08:00 a 22:00|08:00 a 22:00|08:00 a 22:00|08:00 a 22:00|08:00 a 22:00
9|3|5246|Vea Nordelta|Supermercado|Agustín M. García|8852|-34.397492|-58.658421|||1621|Benavídez|AR-B|08:30 a 21:00|08:30 a 21:00|08:30 a 21:00|08:30 a 21:00|08:30 a 21:00|08:30 a 21:00|09:00 a 21:00
9|3|5245|Jumbo Nordelta|Hipermercado|Av. de los Lagos|6660|-34.400447|-58.655038|||1670|Tigre|AR-B|08:00 a 21:00|08:00 a 21:00|08:00 a 21:00|08:00 a 21:00|08:00 a 21:00|08:00 a 21:00|09:00 a 21:00
9|3|5458|Jumbo Madero Harbour|Supermercado|Lola Mora|450|-34.619238|-58.360884|||1107|CABA|AR-C|08:00 a 21:30|08:00 a 21:30|08:00 a 21:30|08:00 a 21:30|08:00 a 21:30|08:00 a 21:30|09:00 a 21:00
9|3|5962|Jumbo Puertos del Lago|Supermercado|Ruta Provincial 25|9100|-34.323319|-58.748327|||1625|Belén de Escobar|AR-B|08:00 a 21:00|08:00 a 21:00|08:00 a 21:00|08:00 a 21:00|08:00 a 21:00|08:00 a 21:00|09:00 a 21:00
9|1|859|Jumbo Almagro|Supermercado|Guardia Vieja|4558|-34.600243|-58.428699|||1192|CABA|AR-C|08:00 a 21:30|08:00 a 21:30|08:00 a 21:30|08:00 a 21:30|08:00 a 21:30|08:00 a 21:30|08:00 a 21:30
9|1|647|Jumbo Pilar|Hipermercado|Las Magnolias|698|-34.444929|-58.869658|||1629|Pilar|AR-B|08:00 a 22:00|08:00 a 22:00|08:00 a 22:00|08:00 a 22:00|08:00 a 22:00|08:00 a 22:00|08:00 a 22:00
9|1|638|Jumbo Palermo|Hipermercado|Av. Int. Bullrich|345|-34.573925|-58.426731|||1425|CABA|AR-C|08:00 a 21:00|08:00 a 21:00|08:00 a 21:00|08:00 a 21:00|08:00 a 21:00|08:00 a 21:00|08:00 a 21:00
